n,K,mc,se,bs,z
1,90.0,1.7775984960373452,0.013077964705293802,1.7724511004687962,0.3935930157744987
1,100.0,5.637873698102265,0.024071605384048476,5.6371977797016655,0.028079489914172476
1,110.0,12.207017991326113,0.033932457622167456,12.21124643357308,-0.12461349820429822
8,90.0,1.7868624610721477,0.013122852666679018,1.7724511004687962,1.0981880974663596
8,100.0,5.661968755066886,0.02412508762582397,5.6371977797016655,1.0267724515414995
8,110.0,12.238052308316979,0.033973739627559146,12.21124643357308,0.7890174893244171
128,90.0,1.7991357987125838,0.013202641005458225,1.7724511004687962,2.021163662085157
128,100.0,5.6786834057813635,0.02419120041393549,5.6371977797016655,1.7149056421276239
128,110.0,12.248200586550963,0.03405180511908087,12.21124643357308,1.085233304039301
