case,method,K,price,se,ci_lo,ci_hi,m_obs,path_evals_prod,path_evals_pilot,pilot_time_s,prod_time_s,total_time_s,t_min_s,t_max_s,coef,corr_XC,corr_pair,corr_ACA,ctrl_z,VRF,Gain,VRF_pred
baseline,Plain,90.0,1.9849259280120484,0.01837804422288386,1.948904961335196,2.0209468946889007,100000,100000,0,0.0,1.226395709999906,1.226395709999906,1.17616764100012,1.3175673880000431,nan,nan,nan,nan,nan,1.0,1.0,1.0
baseline,Plain,100.0,5.061397394557273,0.028008156803036744,5.006501407223322,5.116293381891225,100000,100000,0,0.0,1.226395709999906,1.226395709999906,1.17616764100012,1.3175673880000431,nan,nan,nan,nan,nan,1.0,1.0,1.0
baseline,Plain,110.0,11.222344470553303,0.03677041889186928,11.15027444952524,11.294414491581366,100000,100000,0,0.0,1.226395709999906,1.226395709999906,1.17616764100012,1.3175673880000431,nan,nan,nan,nan,nan,1.0,1.0,1.0
baseline,CV,90.0,2.0221002630511897,0.011415112935008602,1.9997266416985728,2.0444738844038066,100000,100000,10000,0.15280160899988005,1.522895970000036,1.675697578999916,1.5648523229999682,1.8815486930000134,1.141978298819123,0.7899740861745088,nan,nan,-0.3229262607996467,2.5920188730987843,1.8970253738173477,2.659992262509399
baseline,CV,100.0,5.108232028316776,0.01574439541795753,5.077373013297579,5.139091043335973,100000,100000,10000,0.15280160899988005,1.522895970000036,1.675697578999916,1.5648523229999682,1.8815486930000134,0.9841693212214413,0.8301598794710292,nan,nan,0.003567316002871156,3.1645873038390575,2.316072029933143,3.2171453306152284
baseline,CV,110.0,11.268423550023227,0.019397528998226228,11.230404393186705,11.30644270685975,100000,100000,10000,0.15280160899988005,1.522895970000036,1.675697578999916,1.5648523229999682,1.8815486930000134,0.9333092922244289,0.851535906123242,nan,nan,0.0728408064297669,3.5933898377143088,2.629900488344805,3.6378637513782097
baseline,AV,90.0,2.021166026328333,0.017488408485780975,1.986888745696202,2.0554433069604636,50000,100000,0,0.0,0.9063010410000061,0.9063010410000061,0.8832124730001851,0.9297630250000566,nan,nan,-0.11641982464506329,nan,nan,1.1043278046628984,1.4943631539668327,1.1317592086063917
baseline,AV,100.0,5.095086043689274,0.023908544916834286,5.048225295652278,5.141946791726269,50000,100000,0,0.0,0.9063010410000061,0.9063010410000061,0.8832124730001851,0.9297630250000566,nan,nan,-0.28379013405966635,nan,nan,1.372343302397221,1.8570385143219141,1.3962387947380055
baseline,AV,110.0,11.240586206050816,0.026951687350047954,11.187760898844722,11.29341151325691,50000,100000,0,0.0,0.9063010410000061,0.9063010410000061,0.8832124730001851,0.9297630250000566,nan,nan,-0.4698788568062384,nan,nan,1.861337961671836,2.5187402284516343,1.8863612833387702
baseline,AV+CV,90.0,2.0141903745672316,0.011496494796544968,1.9916572447660035,2.0367235043684597,50000,100000,10000,0.11555858999986413,1.1868183490000774,1.3023769389999416,1.2348130679997666,1.3378065290000904,1.157543150717767,nan,-0.11460014022882109,0.7599476748862427,1.107270159656008,2.555451778934964,2.406365626532035,2.6733441964962874
baseline,AV+CV,100.0,5.106023762230003,0.01619555787644498,5.074280468792171,5.137767055667835,50000,100000,10000,0.11555858999986413,1.1868183490000774,1.3023769389999416,1.2348130679997666,1.3378065290000904,1.1148953742714813,nan,-0.2835752291829554,0.7386935251479062,0.9939879971687843,2.9907301811527196,2.8162497001439166,3.072247493700589
baseline,AV+CV,110.0,11.24489644298588,0.022181569095508908,11.201420567558682,11.288372318413078,50000,100000,10000,0.11555858999986413,1.1868183490000774,1.3023769389999416,1.2348130679997666,1.3378065290000904,1.4789795378874104,nan,-0.46708419059858,0.5758767804114282,1.1563142811662734,2.7479740433700357,2.5876560595183107,2.8075473520556304
